agent_family,origin,session_id,project_name,thread_title,token_source,input_tokens,cached_input_tokens,output_tokens,reasoning_output_tokens,total_tokens,first_timestamp,project_or_title
codex,local_home,019cec48-2f9e-7d83-936a-b4776d83c4ce,video-background-remover,"アップロードしたmp4をweb / gifにするタブも欲しいです
FPSやリサイズ比、ダウンロードボタンとか欲しいです
プレビューやダウンロードボタンは MatAnyone2 タブを参考にっして",codex_token_count,102108845,94883456,463946,189179,102572791,2026-03-15 17:06:32.862000+00:00,video-background-remover
codex,local_home,019cf4e1-7ad6-74f1-8ed7-165b417ae104,harina-v3,"Discordに送信して認識するときで、エラーの場合は
キーローテーションしてもエラーの場合は１時間待って再度トライするようにしてほしい
また、ドライブからの認識ではエラーで処理が完了してない場合は移動しないでほしいけど大丈夫そうか確認っして",codex_token_count,87692439,78275968,422135,185242,88114574,2026-03-18 14:08:22.986000+00:00,harina-v3
codex,local_home,019c7b8d-3454-7713-89d7-925d2916297d,antigravity-discord-bot,現状の変更でブランチを作成して、こまめにコミットして,codex_token_count,64860644,60912256,233955,111889,65094599,2026-02-20 19:34:49.362000+00:00,antigravity-discord-bot
codex,local_home,019d01a2-9d5d-7ab0-ba91-b3ad4ed994b7,MysticLibrary,"raw\twitter-2026-03-16-6b1dc95fdd94290f9647655262ead4d269c8bab92289bd687e0490c25bacce7c
にツイート情報があります

基本プロンプトはツイートにもして成果物のデモ動画や画像を記載してます

「ーーー📒プロンプトーーー」

ってキーワードを検索してください！

このツイート情報からプロンプトを抽出して
docsの内容を更新してください
既にある場合は ツイートを表示してください

下記のコードが参考になるかも！！
```
<blockquote class=""twitter-tweet"" data-media-max-width=""560""><p lang=""ja"" dir=""ltr"">中二病 GPT5.3Codex Spark軍団のスキル ✖ Codex Appサブエージェントで遊んでみる❷<br><br>上限の６体を召喚してぶん回してるけど、いい感じにSparkの余力を使えてそうな感じがする、、、 <a href=""https://t.co/0Q0mUhxR9Y"">https://t.co/0Q0mUhxR9Y</a> <a href=""https://t.co/kc9GPLDw83"">pic.twitter.com/kc9GPLDw83</a></p>&mdash; Maki@Sunwood AI Labs. (@hAru_mAki_ch) <a href=""https://twitter.com/hAru_mAki_ch/status/2034266944665481307?ref_src=twsrc%5Etfw"">March 18, 2026</a></blockquote> <script async src=""https://platform.twitter.com/widgets.js"" charset=""utf-8""></script>
```",codex_token_count,62490072,56658048,330457,144229,62820529,2026-03-19 05:45:59.926000+00:00,MysticLibrary
codex,local_home,019ceb8c-abc6-7e03-8bd8-240f31dd01a1,onizuka-game-agi-co,"Automation: ONIZUKA Game AGI Co. CEOレビュー
Automation ID: onizuka-game-agi-co-ceo
Automation memory: $CODEX_HOME/automations/onizuka-game-agi-co-ceo/memory.md
Last run: 2026-03-13T06:13:53.972Z (1773382433972)

D:\\Prj\\onizuka-game-agi-co\\CEO_REVIEW.md を最初に読み、この指示に従ってレビューを実施する",codex_token_count,52413269,47485952,249514,87510,52662783,2026-03-14 15:34:10.077000+00:00,onizuka-game-agi-co
codex,local_home,019cd6c4-adb9-72e2-b191-b7a71bd888ae,gas-slack-bot-gemini,"[$gas-slack-bot](D:\\Prj\\gas-slack-bot-skill\\SKILL.md) と D:\Prj\onizuka-playwright-profile を使って
GASでGemini APIを使ったSlack Botを構築して！
Geminiの良さを活かすために添付画像とかファイルにも対応するようにしてね！",codex_token_count,51849677,48261504,201345,73205,52051022,2026-03-10 17:22:50.292000+00:00,gas-slack-bot-gemini
codex,local_home,019cf721-32e5-73d3-8307-ffbd1466720c,onizuka-game-agi-co,"[$codex-spark-eclipse-legion](D:\\Prj\\codex-spark-eclipse-legion\\SKILL.md) [$draw-io](D:\\Prj\\draw-io-skill\\SKILL.md)  AWSの構成図っぽくこのプロジェクトを可視化して
下記のカラーを参考にしてサイバーパンク風にして

<palette>
<color name='CYBER-SAMURAI-|-Game-Art-1' rgb='F205B3' r='242' g='4' b='178' />
<color name='CYBER-SAMURAI-|-Game-Art-2' rgb='180D40' r='23' g='12' b='63' />
<color name='CYBER-SAMURAI-|-Game-Art-3' rgb='2B1C8C' r='43' g='28' b='140' />
<color name='CYBER-SAMURAI-|-Game-Art-4' rgb='0597F2' r='4' g='151' b='242' />
<color name='CYBER-SAMURAI-|-Game-Art-5' rgb='05DBF2' r='4' g='218' b='242' />
</palette>

マテリアルデザインの知識も活用してね",codex_token_count,50960572,45481728,331838,162554,51292410,2026-03-17 08:22:57.624000+00:00,onizuka-game-agi-co
codex,local_home,019ce31c-6195-7413-a7b1-d0f730380e81,video-background-remover,"このCLIとアプリの構成が相当ぐちゃぐちゃになってきました！
なるべく共通化したいです！

どんな構成にしたらいいかな？？",codex_token_count,49069511,45062400,182564,69739,49252075,2026-03-14 11:59:23.231000+00:00,video-background-remover
codex,local_home,019d0249-11b7-7652-87ae-ad139c039c67,onizuka-game-agi-co,"構成図がヘッダー画像のロゴのカラーマップになってるか確認して


docs\onizuka-game-agi-company-structure.ja.drawio",codex_token_count,45280078,41743232,314591,118680,45594669,2026-03-19 07:10:02.574000+00:00,onizuka-game-agi-co
codex,local_home,019cde5f-8bbf-7410-9f70-3246ecf02495,video-background-remover,"D:\Prj\MatAnyone
を参考にして Gradioのアプリを作成して

MatAnyoneのアプリの機能はちゃんと全部使えるようにして！そのうえでwebp や gif機能を付与して！",codex_token_count,45317707,41654912,185805,65831,45503512,2026-03-12 14:50:35.504000+00:00,video-background-remover
claude,local_home,3baabcb3-8def-44ff-9084-3f2c823f4c0f,workspace,,claude_message_usage,44792577,0,80216,0,44872793,2026-03-18 16:39:43.020000+00:00,workspace
codex,local_home,019cf1f3-6cdb-7031-9881-afac5a1e0446,godot-sandbox,[$codex-spark-eclipse-legion](D:\\Prj\\codex-spark-eclipse-legion\\SKILL.md) WindowsでのGoDotの使い方を教えて,codex_token_count,42862382,37986176,302592,156706,43164974,2026-03-16 12:29:10.250000+00:00,godot-sandbox
codex,local_home,019cd892-d9c6-7381-bb94-1ffa81b3d833,MatAnyone,"検証開発がしやすいように
今のGradioアプリのコアな部分はCLI化して
CLIでもアプリでも使えるようにして
共通化できる部分は共通化してね",codex_token_count,40447344,38482560,138276,49571,40585620,2026-03-11 08:21:52.212000+00:00,MatAnyone
codex,local_home,019ce20f-84b2-7552-84af-bee2d77001ab,onizuka-game-agi-co,[$draw-io](C:\\Users\\Aslan\\.codex\\skills\\draw-io\\SKILL.md)  で このAGIカンパニーの構成を 可視化して！,codex_token_count,39563918,36155776,220307,72956,39784225,2026-03-14 07:09:00.286000+00:00,onizuka-game-agi-co
codex,local_home,019ced37-d7db-7501-bcef-298a98030649,impress-demo,"impress.js を使って下記の内容のスライドを作成しいて
＝＝＝

# AIエージェントが「図のダメ出し」を受けて自分で直す！ `draw-io-skill` v0.1.0 解説

> ⚠️ **この記事を読む前に**
> この記事は2026年3月時点の情報をもとにしています。
> `draw-io-skill` は **v0.1.0** が初の公開リリースです。今後の破壊的変更にご注意ください。

## ざっくり言うと

- Claude Code や OpenAI Codex などの **AIコーディングエージェントが draw.io の図を作れるようになる** スキルパッケージです
- **最大の特徴はフィードバックループ**：リンターが「ここがおかしい」と検知 → エージェントが結果を読んで自分で直す → 見やすい図が仕上がる
- 日本語テキストの文字はみ出しや矢印の重なりなど、人間でも見落としがちな問題を自動で検知します

---

## そもそも、`draw-io-skill` ってなに？

「設計書に図がほしい、でも draw.io を毎回手で書くのは面倒…」そんな悩みを持つエンジニアは多いはずです。

`draw-io-skill` は、**AIコーディングエージェントに draw.io を使わせるための ""取扱説明書＋ツールセット""** です。

Sunwood-ai-labs が開発・公開したこのパッケージを使うと、Claude Code や OpenAI Codex といった AI エージェントが次のことを自律的にできるようになります。

- `.drawio` ファイルを作成・編集する
- PNG / SVG / PDF / JPG に自動でエクスポートする
- 線が重なっていないか・テキストがはみ出していないかを自動チェックする

### たとえ話で説明すると...

draw.io の操作を人間が毎回手でやるのは、「コードを毎回テキストエディタだけで書く」ようなものです。
`draw-io-skill` は AI エージェントに **「draw.io の正しい使い方」のルールブック** を渡す仕組みです。
ルールブックを読んだ AI は、コードを書くのと同じ感覚で図を作れるようになります。

---

## 🔍 技術の仕組み

### ポイント1：スキル（Skill）とは何か

Claude Code や OpenAI Codex には **「スキル」** という仕組みがあります。

これは簡単に言うと、**「この作業をするときはこう動いてね」という指示書**（`SKILL.md`）をリポジトリに置いておく仕組みです。
AI エージェントは作業前にこの指示書を読み込み、正しい手順でツールを使えるようになります。

`draw-io-skill` はその指示書と、実際に動くスクリプト群をひとつにまとめたパッケージです。

### ポイント2：2つの先行研究を統合したワークフロー

このスキルは、2つの先行アプローチを組み合わせています。

- **`jgraph/drawio-mcp`** ：draw.io のネイティブ操作とエクスポートの慣習
- **`softaworks/agent-toolkit`**：XML レイアウトの指針

どちらか一方ではなく **「いいとこどり」** することで、より実用的なワークフローを実現しています。

### ポイント3：エクスポートスクリプト（`export-drawio.mjs`）

`scripts/export-drawio.mjs` は、draw.io のエクスポート機能を **Windows / macOS / Linux の全OSで使えるようにしたラッパー** です。

主な仕様は以下の通りです。

- `--output` オプションの拡張子から出力形式を自動判定（PNG / SVG / PDF / JPG）
- PNG のデフォルトは **透過背景・2倍解像度・10px ボーダー付き**
- エクスポートしたファイルには元の XML が埋め込まれるため、あとで draw.io で再編集できる

> 💡 **ポイント**
> 「エクスポートしたら元に戻せない」問題がなくなります。PNG にしても、そのファイルを draw.io で開けば編集を再開できます。

### ポイント4：SVG 品質チェッカー（`check-drawio-svg-overlaps.mjs`）

`scripts/check-drawio-svg-overlaps.mjs` は、エクスポートした図を **自動でチェックするリンター（品質検査ツール）** です。
そして、このリンターこそが `draw-io-skill` の **核心機能** です。

リンターが出力した検知結果は、そのままエージェントへのフィードバックとして渡せます。
エージェントは「どのボックスで何の問題が起きているか」を文章で受け取り、`.drawio` ファイルを修正します。

検出できる問題の種類は以下の通りです。

| チェック項目 | 内容 |
|---|---|
| `edge-edge` 交差 | 矢印同士が交差していないか |
| `edge-rect` 貫通 | 矢印がボックスを突き抜けていないか |
| `edge-rect-border` 重複 | 矢印がボックスの枠線に重なっていないか |
| `text-overflow(width)` | テキストが横幅からはみ出していないか |
| `text-overflow(height)` | テキストが縦幅からはみ出していないか |

テキストチェックは **日本語を含む多言語の折り返し幅を推定** して検査します。
日本語の技術図解でよく起きる「文字がボックスからはみ出る」問題を自動で検知できます。

---

## 📊 何がすごいの？ ─ 「作る → 検知 → 直す」のループが回る

これが `draw-io-skill` の **最大の強みです。**

これまで AI エージェントに図を作らせると、こんな問題が起きがちでした。

- 矢印が重なって読めない図ができる
- テキストがボックスからはみ出る
- でも AI はその出来栄えを自分では確認できない

`draw-io-skill` はリンターがその「目」になります。

```
① AIエージェントが .drawio ファイルを生成
         ↓
② リンターが自動チェック（矢印の重なり・文字はみ出しなど）
         ↓
③ 検知結果をエージェントに返す（「3番のボックスでテキストがはみ出ています」など）
         ↓
④ エージェントが結果を読んで .drawio を修正
         ↓
⑤ ②に戻る → 問題がなくなるまで繰り返す
```

つまり **「AI が自分で描いた図を、自分でダメ出しして、自分で直す」** ループが成立します。

人間が毎回 draw.io を開いて目視チェックする必要がなくなるわけです。

> 💡 **ポイント**
> コードでいえば「テストを書いて、テストが通るまでコードを直す」TDD に近い考え方です。図の世界でも同じことができるようになります。

### 特に重要な検知項目：日本語テキストのはみ出し

英語と違い、日本語は文字幅の計算が複雑です。
`draw-io-skill` のリンターは **日本語を含む多言語の折り返し幅を推定** してチェックします。

「ボックスに収まっているように見えたのに、実際に開いたらはみ出ていた」という draw.io あるあるを自動で防げます。

---

## 🎯 どんな場面で使えるの？

1. **システム設計図の自動生成**：AI に要件を伝えると `.drawio` ファイルを作ってくれる、というワークフローが構築できます
2. **AWS アーキテクチャ図の作成**：同梱の `find_aws_icon.py` を使えば、AWS アイコンのスタイル文字列をすぐに取得できます
3. **ドキュメント自動更新**：コードが変わったときに図も自動で再生成・再エクスポートする CI パイプラインを組めます

---

## ⚠️ 注意点・制限事項

- **v0.1.0 は初期リリース**です。API や仕様が今後変わる可能性があります
- エクスポートスクリプトを使うには、ローカルに **draw.io デスクトップアプリ** がインストールされている必要があります
- SVG リンターは **ヒューリスティック（経験則ベース）** な判定も含まれるため、誤検知がゼロではありません
- テキスト折り返し推定は **近似計算** のため、フォントによっては実際の表示と差が出る場合があります

---

## 🚀 じゃあ、どうすればいいの？〜次のステップ〜

**Claude Code で使う場合**

グローバルスキルとして登録するか、プロジェクトごとのスキルとして配置します。
具体的な手順は [リポジトリの README](https://github.com/Sunwood-ai-labs/draw-io-skill) を参照してください。

**OpenAI Codex で使う場合**

スキルリンクの仕組みで登録します。こちらも README にインストール手順が記載されています。

**まず試してみたい場合**

1. リポジトリをクローンする
2. `npm run check` でサンプルフィクスチャを使ったテストを実行する
3. `fixtures/basic/` にある既存のサンプルで、エクスポートとリントの動作を確認する

---

## まとめ

`draw-io-skill` は、**AIコーディングエージェントに draw.io の図解作業を任せるためのスキルパッケージ**でした。

エクスポートの自動化・クロスプラットフォーム対応・SVG 品質チェック・CI 連携まで、「図をコードと同じように管理する」ための仕組みがひとまとめになっています。

「AI に図も書いてほしい」と思っていたエンジニアにとって、まさに待望のツールといえるでしょう。

---

## もっと詳しく知りたい人へ

### 参考にした資料

1. [draw-io-skill v0.1.0 リリースノート](https://github.com/Sunwood-ai-labs/draw-io-skill/releases/tag/v0.1.0) - Sunwood-ai-labs, 2026
2. [jgraph/drawio-mcp](https://github.com/jgraph/drawio-mcp) - jgraph（スキルの参照元の一つ）
3. [softaworks/agent-toolkit](https://github.com/softaworks/agent-toolkit) - softaworks（スキルの参照元の一つ）

### 関連リンク

- [Sunwood-ai-labs GitHub](https://github.com/Sunwood-ai-labs)
- [draw-io-skill リポジトリ](https://github.com/Sunwood-ai-labs/draw-io-skill)

---

*この記事は2026年3月14日時点の情報です。*",codex_token_count,39281406,35120000,212985,85476,39494391,2026-03-15 07:19:41.612000+00:00,impress-demo
codex,local_home,019d00fe-56e9-7990-a99b-1ef3cc2f9813,my-bench,"あなたは「ローカル履歴ベースの benchmark 生成エージェント」です。

目的は、私のローカル環境を実際に探索し、Codex / Claude Code の履歴、git 履歴、テスト結果、関連メモを根拠に、私専用の LLM / coding agent benchmark を設計し、実際に benchmark ディレクトリと Markdown / YAML ファイル群を生成することです。

重要方針:
- 単なる提案やレポートで終わらせず、実際にディレクトリ探索を行い、ファイルを作成すること
- web / cloud / remote session は考慮しない
- ローカルに存在する履歴、git、tests、notes、config だけを使う
- 私への確認質問は最小限にし、まず探索と生成を進める
- 機密情報、個人情報、API キー、OAuth トークン、認証キャッシュ、秘密情報は絶対に出力しない
- 認証ファイルは benchmark 設計の直接材料ではないため、存在確認までに留め、中身は原則読まない
- 既存ファイルがある場合は上書きせず、必要なら更新し、変更点が分かるようにする
- 根拠が弱いものは「仮説」と明記する
- 履歴が欠損していても、利用可能な証拠から benchmark 生成まで到達すること

出力先:
- デフォルトの出力先は `./benchmark`
- このディレクトリが存在しなければ作成する
- 既存 `benchmark/` がある場合は内容を確認し、破壊的に消さずに更新する

最初にやること: ローカル探索
以下を実際に探索すること。

A. Codex 系
1. `CODEX_HOME` 環境変数があれば最優先する
2. なければ `~/.codex` を候補にする
3. 探索候補:
   - `$CODEX_HOME/history.jsonl`
   - `$CODEX_HOME/sessions/**`
   - `$CODEX_HOME/**/*.jsonl`
   - `$CODEX_HOME/**/*.log`
   - `$CODEX_HOME/config.toml`
   - repo 配下の `.codex/**`

B. Claude Code 系
1. 探索候補:
   - `~/.claude/projects/**/*.jsonl`
   - `~/.claude/projects/**/subagents/agent-*.jsonl`
   - `~/.claude/projects/**/memory/**`
   - `~/.claude/settings.json`
   - `~/.claude.json`
   - repo 配下の `.claude/settings.json`
   - repo 配下の `.claude/settings.local.json`
   - repo 配下の `.claude/agents/**`
   - `CLAUDE.md`
   - `.claude/CLAUDE.md`

C. 補助証拠
- git log
- git diff
- commit messages
- branch / worktree 情報
- test / lint / build ログ
- CI ログ
- shell history
- notes / TODO / spec / README の変更
- agent 提案 → 私が修正 → 最終採用 の流れが推定できる痕跡

実行方法:
- 利用可能な shell コマンドやファイル探索手段を使って実際に探索する
- 例: `pwd`, `env`, `find`, `fd`, `rg`, `ls`, `git log`, `git diff --stat`, `git status`, `tree`
- 使えるコマンドに合わせて柔軟に進める
- 存在しないパスは「未検出」と記録し、そこで止まらないこと

探索後に必ずやること:
1. 発見したソースを manifest 化する
2. セッション単位に正規化する
3. タスク分類を作る
4. 成功 / 失敗シグナルを抽出する
5. 私専用の評価指標を設計する
6. benchmark ケースを設計する
7. benchmark 用のファイル群を実際に生成する

作成するディレクトリ構成:
benchmark/
  README.md
  task_index.md
  pilot_task_index.md
  rubric.yaml
  design_notes.md
  research/
    benchmark_sources_manifest.md
    benchmark_inventory.md
    task_taxonomy.md
    failure_modes.md
    metric_candidates.md
    personal_benchmark_spec.md
    benchmark_case_candidates.md
  pilot_tasks/
    P001_<slug>/
      public/
        problem.md
        context.md
        fixtures/
      shared/
        meta.yaml
      private/
        answer.md
        rubric.md
        traceability.md
  tasks/
    T001_<slug>/
      public/
        problem.md
        context.md
        fixtures/
      shared/
        meta.yaml
      private/
        answer.md
        rubric.md
        traceability.md

各ファイルの役割:

1. `research/benchmark_sources_manifest.md`
- 探索したソース一覧
- path
- tool 種別
- data 種別
- 期間
- 件数
- 取り扱い注意点
- 信頼度
- benchmark 設計への価値
- secret 混入リスク

2. `research/benchmark_inventory.md`
- 観察した仕事パターンの一覧
- 頻度
- 重要度
- 代表例
- 証拠ソース

3. `research/task_taxonomy.md`
- 実データから作った task taxonomy
- 各分類の定義
- 判断基準
- 代表セッション傾向

4. `research/failure_modes.md`
- 失敗パターン一覧
- 何が起きたか
- どう検出したか
- benchmark にどう反映するか

5. `research/metric_candidates.md`
- 指標候補
- 定義
- 計測方法
- 自動 / 手動
- 採用理由
- 不採用理由
- 想定バイアス

6. `research/personal_benchmark_spec.md`
- 最終 benchmark 仕様
- トップレベルスコア
- 5〜10 個のサブ指標
- 重み
- 集計式
- 欠損データ時の扱い
- pilot 運用方法

7. `research/benchmark_case_candidates.md`
- 20 件以上の case 候補
- case_id
- タイトル
- タスク種別
- 測る能力
- benchmark に入れる理由
- 元ネタの履歴パターン
- 期待アウトカム
- fail condition

benchmark の task 生成ルール:
- まず `pilot_tasks/` に 5 件作る
- 次に `tasks/` に本番用 20〜30 件作る
- すべて「履歴で観察された仕事パターン or 失敗モード」にトレース可能であること
- 似たケースの重複を避けること
- 特定 repo / 言語 / ツールに寄りすぎないこと
- ただし私の作業頻度は重みに反映すること

各 task フォルダの必須ファイル:

A. `public/problem.md`
このファイルは評価対象エージェントに渡す用。答えを漏らさないこと。
必須セクション:
- # Goal
- # Background
- # Input Context
- # User Prompt
- # Constraints
- # Deliverables

B. `public/context.md`
問題を解くのに必要な追加文脈。
必須内容:
- 関連ファイルや前提
- 最小限の仕様説明
- 必要なら fixture 説明
- ただし解答のヒントを書きすぎない

C. `shared/meta.yaml`
machine-readable なメタ情報。
必須項目:
- case_id
- title
- task_type
- difficulty
- source_patterns
- target_capabilities
- primary_metrics
- secondary_metrics
- benchmark_weight
- auto_eval
- manual_eval
- repo_context_requirement
- status
- version

D. `private/answer.md`
評価者用の解答・期待解。
必須セクション:
- # Expected Outcome
- # Strong Answer Characteristics
- # Acceptable Variants
- # Common Failure Patterns
- # Minimal Pass Line
- # Notes For Evaluator

E. `private/rubric.md`
人手評価ルーブリック。
必須セクション:
- # Scoring Dimensions
- # Score Levels
- # Automatic Checks
- # Hard Fail Conditions
- # Partial Credit Rules

F. `private/traceability.md`
そのタスクがどの履歴パターンから来たか。
必須セクション:
- # Why This Case Exists
- # Source Pattern Summary
- # Evidence Used
- # Abstractions Applied
- # Leakage Check
ここでは具体的な secret や固有情報は出さず、必要なら匿名化すること

task 内容の設計条件:
以下をバランス良く含めること:
- 最小差分 bugfix
- 曖昧要求からの新規実装
- 既存テストを壊さない refactor
- CI / 環境修正
- 説明力が効く調査 / 設計相談
- 失敗後の recovery / retry
- 過剰変更が出やすいケース
- 指示遵守で差が出るケース
- repo 理解速度が効くケース
- テスト維持率が効くケース

指標設計の条件:
必ず以下 3 系統で整理する:
A. 成果の質
B. やり取りコスト
C. 信頼性 / 安全性

各指標について定義する:
- 指標名
- 何を測るか
- なぜ私に重要か
- 計測方法
- 自動 / 手動
- スコア範囲
- 重み
- 重みの根拠
- 歪み / 弱点
- 使う証拠

推奨サブ指標候補:
- first_pass_acceptance
- instruction_following
- rework_count
- overchange_penalty
- test_retention
- repo_understanding_speed
- bugfix_convergence
- ambiguity_handling
- recovery_quality
- explanation_usefulness
- tool_use_efficiency

ただし採用 / 不採用は実データで判断すること。

problem.md のテンプレート:
- Goal は一文で明確に書く
- Background では実務上の文脈を短く書く
- Input Context では利用可能な材料を整理する
- User Prompt には実際に agent に渡す依頼文を書く
- Constraints には禁止事項や局所性制約を書く
- Deliverables には期待する成果物を書く

answer.md のテンプレート:
- Expected Outcome で合格ラインを定義する
- Strong Answer Characteristics で高得点解の特徴を書く
- Acceptable Variants で複数の正解パターンを許容する
- Common Failure Patterns で典型的な失敗を書く
- Minimal Pass Line で最低合格条件を書く
- Notes For Evaluator で採点上の注意を書く

rubric.md のテンプレート:
- 各採点軸を 1〜5 などで定義する
- 自動評価と人手評価を分離する
- hard fail を明確にする
- 部分点ルールを書く

meta.yaml のルール:
- 値は簡潔に
- 機械処理しやすいキー名にする
- 将来 JSONL へ変換しやすい構造にする

fixtures の扱い:
- 必要な場合だけ `public/fixtures/` を作る
- 最小再現に必要なファイルだけ入れる
- 秘匿コードはそのまま入れず、匿名化・最小化・抽象化する

README.md に必ず書くこと:
- benchmark の目的
- ディレクトリ構成
- `public/` と `private/` を分けた理由
- 使い方
- pilot から本番へ拡張する方法
- 何が測れて何が測れないか

task_index.md に必ず書くこと:
- case_id
- title
- task_type
- difficulty
- benchmark_weight
- primary_metrics
- pilot 対象かどうか
- 一言説明

pilot_task_index.md に必ず書くこと:
- pilot の 5 ケースのみ一覧化
- なぜ pilot に選んだか

rubric.yaml に必ず書くこと:
- 全体スコア計算式
- サブ指標
- 重み
- 自動評価項目
- 手動評価項目
- 欠損データ時の扱い

design_notes.md に必ず書くこと:
- この benchmark が強く測れる能力
- 弱くしか測れない能力
- Codex と Claude Code で差が出そうな観点
- 今後増やすべきケース

重要な安全ルール:
- `problem.md` には解答の核心を書かない
- `traceability.md` に具体的な会話の生ログを長く貼らない
- secret, token, auth 情報をどのファイルにも書かない
- 履歴由来のケースは抽象化して再利用可能にする
- 1 回の特殊事例に過剰適合しない

実行順序:
1. ローカル探索
2. manifest 作成
3. セッション正規化
4. taxonomy / failure / metrics 作成
5. benchmark spec 作成
6. pilot 5 ケース生成
7. 本番 20〜30 ケース生成
8. index / rubric / README / design_notes 作成
9. 最後に生成物の要約を出力

最後の出力では、必ず以下を報告すること:
- 探索した主要パス
- 検出できた履歴ソース数
- 作成 / 更新したファイル一覧
- 生成した pilot ケース数
- 生成した本番ケース数
- 強い根拠がある部分
- 仮説ベースの部分
- まだ不足しているデータ
- 次に人間が確認すべきポイント

禁止:
- 「こういうファイルを作るべきです」と提案だけして終わること
- 探索せずに一般論だけで埋めること
- task を 1 ファイルの雑な一覧にまとめること
- `problem.md` と `answer.md` の責務を混ぜること

成功条件:
- 実際に `benchmark/` 以下にファイル群が生成されている
- 研究用ドキュメントと task フォルダが両方ある
- 各 task が `public/`, `shared/`, `private/` に分割されている
- benchmark がすぐ運用開始できる粒度になっている",codex_token_count,37526098,32404224,450099,124913,37976197,2026-03-18 22:25:24.217000+00:00,my-bench
codex,local_home,019cc89c-8341-7450-941e-2c39dc6f56fa,Prj,"[$playwright-interactive](C:\\Users\\Aslan\\.codex\\skills\\playwright-interactive\\SKILL.md)
[$remotion-best-practices](C:\\Users\\Aslan\\.codex\\skills\\remotion\\SKILL.md)


playwright-interactive を使って、ゼロから Remotion の解説動画プロジェクトを作ってください。

前提:
- GitHub CLI (gh) は認証済みです
- GitHub リポジトリの新規作成から始めてください
- 作業ディレクトリは Windows の `D:\Prj` 配下を使ってください
- `D:\Prj` にリポジトリを clone / 作成して問題ありません
- GitHub Pages への公開は手動ではなく、CI/CD で自動化してください
- GitHub Pages には、完成動画そのものではなく、Remotion の「レンダリング前のWeb段階」である Studio の静的サイトを公開してください
- 最終的に GitHub Pages 上の公開URLを Playwright で確認してください

リポジトリ命名:
- リポジトリ名はロマンティックでありつつ、作品内容と意味的につながっている名前にしてください
- 意味不明な造語や、内容と無関係な詩的ワードの寄せ集めは避けてください
- 名前から、都市、旅、夜景、地図、記憶、光、解説動画、ミニチュア都市、といったテーマがある程度想像できるようにしてください
- 候補をいくつか考えたうえで、意味と雰囲気の両面から最も適切なものを1つ選んで採用してください

作るもの:
- Remotion を使った解説動画プロジェクト
- このプロジェクトは、ユーザーが最後に記載する【動画にしてほしい内容】を、視聴者に分かりやすく伝える解説動画・紹介動画として表現するためのものにしてください
- 単なる文字の羅列ではなく、見出し、要点整理、補助ビジュアル、場面転換を用いて理解しやすい構成にしてください
- 世界の有名な都市をモチーフにしたミニチュア的な要素を、背景演出、象徴カット、シーン装飾として取り入れてください
- 完全再現ではなく、デフォルメされた美しい都市断片として表現してください
- 少なくとも複数の都市文化を感じられるようにしてください
- 例として、塔、橋、高層ビル群、水辺、歴史的建造物、広場、運河、寺院風シルエット、ネオン感のある街並みなどを適切に取り入れてください
- 一目見て「世界の都市を小さな箱庭として巡るような雰囲気」が伝わるようにしてください

動画の基本方針:
- 【動画にしてほしい内容】は、その内容自体を作品として再現するというより、「その内容を視聴者に分かりやすく伝える解説動画」として扱ってください
- その内容をそのまま順番に並べるだけでなく、視聴者にとって理解しやすいように再構成してください
- 必要に応じて、導入、概要、要点整理、詳細説明、補足、まとめ、締め、の流れを作ってください
- テロップ、見出し、図解的なレイアウト、カメラワーク風の演出、場面転換を活用してください
- 説明的になりすぎず、映像として気持ちよく見られるテンポを意識してください
- 内容に合う範囲で、世界都市のミニチュア表現を補助的に使ってください

デザイン方針:
- UI や情報整理は Material Design 3 を参考にしてください
- 余白、タイポグラフィ階層、色の役割、情報密度を意識して設計してください
- 派手さよりも、読みやすさ、整理感、品のよさを優先してください
- 見出し、本文、補足の階層を明確にしてください
- 小さすぎる文字や過密なレイアウトは避けてください
- 色は背景、主役、補助、アクセントの役割を分けて、一貫したトーンで構成してください
- コントラスト不足や読みにくい半透明表現を避けてください
- カード、パネル、ラベル、見出し、区切りの使い方に一貫性を持たせてください

レイアウト・余白要件:
- スライドや各シーンのレイアウトを詰め込みすぎないでください
- 1画面1メッセージを基本にしてください
- 画面の四辺には十分な安全余白を取り、文字や重要要素を端に寄せすぎないでください
- 長文はそのまま載せず、要点に要約してください
- 1スライド内の箇条書きは最大3〜4項目程度に抑えてください
- 主要要素、補助要素、背景演出の優先順位を明確にしてください
- 情報密度が高すぎる場合は、複数スライドに分割してください
- 「情報が入っている」ことよりも、「短時間で理解できる」ことを優先してください

動画設計要件:
- 最初に【動画にしてほしい内容】を読み取り、動画の構成案を作ってください
- 構成案には少なくとも以下を含めてください
  - 想定尺
  - シーン一覧
  - 各シーンの役割
  - 主なテキスト
  - 主な演出
  - 使う都市モチーフ
- その構成案に沿って Remotion の Composition を実装してください
- 複数 Composition に分けても、1本の主力 Composition にまとめても構いません
- props でタイトル、色味、文言、都市テーマなどを切り替えられる設計は歓迎します
- 必要であれば、解説内容を切り替えやすい構成にしてください

公開方針:
- GitHub Pages には、Remotion Studio を静的サイトとして公開してください
- 完成動画ファイルの公開は必須ではありません
- Studio の静的公開環境で、Composition の確認や内容の閲覧ができる状態にしてください
- GitHub Pages のサブパス公開で壊れないようにしてください
- アセット参照、base path、ビルド設定、公開パスを Pages 前提で調整してください
- 必要なら Pages 用の workflow、設定ファイル、公開設定を追加してください

作業手順:
1. 最初に QA inventory を作成する
   - ユーザー要求
   - 実装対象
   - 完了報告で主張する内容
   をそれぞれ検証可能な項目に分解する

2. 【動画にしてほしい内容】を読み取り、動画構成案を作成する
   - シーン構成
   - テキスト構成
   - 演出方針
   - 想定尺
   - 都市モチーフの使い方
   - 情報整理の方針
   を定義する

3. GitHub リポジトリを新規作成する
   - 内容と意味的につながるロマンティックな候補名を複数考える
   - その中から最も適切な名前を1つ選ぶ
   - public リポジトリを作る
   - `D:\Prj` 配下で作業開始する

4. ローカル実装を行う
   - Remotion プロジェクトを構築する
   - 必要な依存を導入する
   - ローカルで Remotion Studio を起動する
   - Playwright でローカルURLを開いて確認する

5. 反復実装を行う
   - 同じ Playwright セッションを維持する
   - 変更後は reload して確認する
   - シーン遷移、表示崩れ、テキスト、タイミング、視認性を確認する
   - 必要に応じて構成や演出を調整する

6. functional QA と visual QA を分離して実施する
   - functional QA:
     - Composition が正しく表示される
     - Studio 上で主要 Composition を確認できる
     - 必要な props 切替ができる
     - レンダリング手順が成立する
   - visual QA:
     - シーン遷移が自然
     - テキストが読みやすい
     - 要点の整理が分かりやすい
     - 都市モチーフが視覚的に識別できる
     - ミニチュア感がある
     - 色調や雰囲気が統一されている
     - Material Design 3 参考の情報整理として自然
     - clipping / overflow / レイアウト崩れがない
     - 余白が十分にあり、詰め込み感がない

7. exploratory pass を行う
   - 実際に視聴者目線で通して確認する
   - 理解しづらい箇所、テンポが悪い箇所、視認性が低い箇所があれば修正する
   - 特に「内容がきちんと解説として伝わるか」を重視して見直す

8. 動画を書き出して確認する
   - 少なくとも1本は実際にレンダリングして確認する
   - Windows 環境では props をインラインJSONではなくファイルで扱うことを優先する
   - 書き出し結果に問題があれば修正する
   - ただし公開対象の中心は完成動画ではなく、Studio の静的サイトであることを維持する

9. GitHub Pages 用の CI/CD を構築する
   - GitHub Actions などで build と deploy を自動化する
   - main ブランチへの push で GitHub Pages が更新されるようにする
   - Remotion Studio を静的サイトとして書き出してデプロイする
   - 手動作業前提にせず、リポジトリを clone した後でも CI/CD で再現可能な状態にする

10. GitHub Pages にデプロイする
   - 必要な変更を commit / push する
   - CI/CD が正常に完走することを確認する
   - GitHub Pages の公開URLを取得する

11. 公開版 QA を実施する
   - GitHub Pages のURLを Playwright で開く
   - ローカル確認とは別に公開版でも確認する
   - Studio の静的サイトが開けることを確認する
   - Composition の表示、主要画面の視認性、アセット読込、サブパスでの表示崩れを確認する
   - 公開版で問題があれば修正して再度 push し、CI/CD 経由で再デプロイする

12. README を整備する
   - `README.md` を英語版、`README.ja.md` を日本語版にする
   - 両方の README 冒頭に相互移動できる言語切替バッジを置く
   - README に技術スタックのバッジを載せる
   - 少なくとも主要技術が分かるようにする
     - Remotion
     - React
     - TypeScript または JavaScript
     - GitHub Pages
     - GitHub Actions
     - 必要なら Vite など
   - README の先頭付近に、アプリのスクリーンショットをヘッダー画像として掲載する
   - ヘッダー画像は、作品の雰囲気、情報設計、都市モチーフ、余白感が伝わる代表スクリーンショットにする
   - README には以下を記載する
     - アプリ概要
     - 動画コンセプト
     - 解説動画としての設計方針
     - Material Design 3 を参考にしたデザイン方針
     - ローカル起動方法
     - レンダリング方法
     - GitHub Pages URL
     - CI/CD 概要
     - 使用方法
   - 日本語版 README にも同等の情報を記載する

13. 最後に結果を報告する
   - 採用したリポジトリ名
   - 名前に込めた意味
   - ボツにした候補名
   - GitHub Pages 公開URL
   - 動画構成案
   - 実装した Composition
   - 追加した都市モチーフ要素
   - デザイン方針
   - 余白や情報密度に関して行った調整
   - 構築した CI/CD の概要
   - README の言語構成
   - 使用した技術スタックバッジ
   - 確認済み項目
   - 未確認項目
   - 残課題
   - README に使ったスクリーンショット

【動画にしてほしい内容】
- このセクションに書かれた内容を、視聴者に分かりやすく伝える解説動画として表現してください
- 単なる読み上げ動画ではなく、紹介動画・説明動画として見やすく構成してください
- 要点の整理、順序立て、強調、場面転換、図解的な見せ方を工夫してください
- テキストが多すぎる場合は、重要なポイントを抽出し、映像として自然な密度に整理してください
- 必要に応じて、導入、概要、詳細説明、まとめ、締め、の流れに再構成してください


---


# ClawX の Subagent 8体に「ウミガメのスープ」を出題したら、kimi だけが真相に辿り着いた話

> ⚠️ **この記事を読む前に**
> この記事は 2026年3月時点の情報をもとにしています。ClawX・OpenClaw は活発に開発が続いているため、挙動や設定仕様は変化している可能性があります。
> この記事は [前回の Bailian モデル一括追加記事](https://note.com/sunwood_ai_labs/n/n81d9d8530a73) の続編です。

## ざっくり言うと

- 前回設定した **8つの Subagent を並列起動** して、同じ水平思考クイズ（ウミガメのスープ）を出題した
- 6モデルが正解方向、2モデルが「監禁説」で外れ、そして **真相の核心を捉えたのは kimi-k2.5 だけ** だった
- Subagent の **並列実行は実用的** だが、Bailian モデルはレートリミットに注意が必要

---

## そもそも、ウミガメのスープってなに？

「ウミガメのスープ」は **水平思考パズル** の一種です。

出題者が不思議な状況を提示し、回答者は「はい・いいえ」で答えられる質問だけで真相を推理していくゲームです。

今回は少し変わったやり方をしました。モデルに **質問なしで一発回答させる** という出題スタイルを採用しています。「制約なしでどこまで推論できるか」を見るための実験です。

### 出題した問題

```
一人暮らしの女性は、毎週月曜日になると、必ず「何も書かれていないハガキ」
を自分宛てに投函していた。
ある週、そのハガキが火曜日になっても届かなかったため、管理人が警察を呼び、
女性は助かった。なぜ？
```

シンプルに見えて、鍵になる情報が巧妙に隠れています。

---

## 🔍 どうやって実験したの？

### ポイント1：Subagent の並列起動

前回の記事で ClawX に追加した Bailian 系モデルたちを、今回は **Subagent として並列起動** しました。

8体を同時に動かして、それぞれに同じ問題を投げる構成です。

```
✅ qwen3.5-plus
✅ qwen3-max
✅ qwen3-coder-next
✅ qwen3-coder-plus
✅ MiniMax-M2.5
✅ glm-5  (Bailian)
✅ glm-4.7 (Bailian)
✅ kimi-k2.5
```

### ポイント2：レートリミットとの戦い

1回目の試行では **5モデルがレートリミットでエラー** になりました。

```
❌ glm-4.7    → ⚠️ API rate limit reached
❌ glm-5      → ⚠️ API rate limit reached
❌ kimi-k2.5  → ⚠️ API rate limit reached
❌ MiniMax-M2.5 → ⚠️ API rate limit reached
❌ qwen3-coder-next → ⚠️ API rate limit reached
```

Bailian 経由のモデルを一斉に並列起動すると、レートリミットにぶつかりやすいようです。
少し時間を置いてリトライしたところ、最終的に 8/8 全モデルから回答を取得できました。

---

## 📊 モデル別回答まとめ

全8モデルの回答を、解釈のタイプで整理しました。

### 🟢 「自発的な生存確認」派（6モデル）

| モデル | 応答時間 | 解釈の特徴 |
|--------|---------|-----------|
| qwen3.5-plus | 28秒 | 急病・トラブルで投函できなかった |
| qwen3-coder-next | 34秒 | 病気・高齢で倒れて投函できなかった |
| glm-5 | 24秒 | ストーカー/DV対策として「無事」のサインを送っていた |
| glm-4.7 | 33秒 | ストーカー脅迫に対する「デッドマンスイッチ」的な仕組み |
| MiniMax-M2.5 | 31秒 | 危険な状況下で体調を崩して動けなくなった |
| **kimi-k2.5** | **34秒** | **ハガキが届いたが、女性が回収できなかった** |

### 🔴 「監禁説」派（2モデル）

| モデル | 応答時間 | 解釈の特徴 |
|--------|---------|-----------|
| qwen3-max | 32秒 | 犯人に強要され投函していた。管理人との二重構造 |
| qwen3-coder-plus | 32秒 | 監禁下で投函は許可されたが内容は禁止されていた |

> 💡 **ポイント**
> 全モデルが「ハガキ＝生存確認の仕組み」「管理人との事前の約束」という骨格は捉えていました。外れたのは、なぜ届かなかったか・なぜ管理人が動いたか、の細部でした。

---

## 🎯 正解はこれです

```
女性は一人暮らしで、自分が無事に動けているかを確かめてもらうための仕組みとして、
毎週月曜日に自分宛てのハガキを投函していました。
いつもなら翌日には届き、女性はそれを回収できます。
つまり、火曜日になってもハガキが回収されないなら、本人に何かあって動けない
可能性が高いということです。
その週は女性が室内で倒れるなどして動けなくなっており、ハガキを確認できませんでした。
異変に気づいた管理人が警察を呼び、女性は助かったのです。
```

### 正解との差分はここだった

ほとんどのモデルが見落とした **核心のポイント** があります。

```
❌ 多くのモデルの解釈：
   女性がハガキを「投函できなかった」から届かなかった

✅ 正解：
   ハガキは投函・配達された。でも女性が「回収できなかった」
   → ポストにハガキが残っている＝異常事態
```

「届かない」と「回収されない」は、似ているようで全然違います。

前者は投函できなかったことを意味しますが、後者はハガキがポストに届いていながら、**女性が動けずにいること** を示しています。

---

## 🏆 最優秀はkimi-k2.5

```
投函されたハガキは火曜日に届いたはずだが、ポストを確認できなかった女性が
ハガキを回収できず、管理人が「ハガキがポストに残っている＝異常」と判断して
警察に通報した
```

kimi-k2.5 は「回収できなかった」という視点を唯一正確に捉えていました。

8モデルの中でこの微妙な差に気づけたのは kimi だけです。ただし、応答時間は 34秒と最速ではなく（最速は glm-5 の 24秒）、速さと精度はトレードオフの関係が見え隠れします。

---

## 📊 モデル別最終評価

| 順位 | モデル | 判定 | 理由 |
|------|--------|------|------|
| 🥇 1位 | kimi-k2.5 | **正解** | 「回収できなかった」を唯一正確に推論 |
| 🥈 2位 | qwen3.5-plus | ほぼ正解 | 急病説は正しい方向、ただし「投函できず」と解釈 |
| 🥈 2位 | MiniMax-M2.5 | ほぼ正解 | 「動けなくなった」は正解に近い |
| 🥉 4位 | qwen3-coder-next | ほぼ正解 | 自発的安全策は正しい、投函視点に留まる |
| 4位 | glm-5 | △ | ストーカー/DV説は余分な推論 |
| 4位 | glm-4.7 | △ | デッドマンスイッチの概念は面白いが余分な推論 |
| ❌ 6位 | qwen3-max | 不正解 | 監禁説 |
| ❌ 6位 | qwen3-coder-plus | 不正解 | 監禁説 |

---

## ⚠️ 注意点・制限事項

**レートリミットの問題**

Bailian 経由で複数モデルを並列起動すると、最初の試行でレートリミットに引っかかりやすいことがわかりました。並列数を絞るか、時間差をつけてリクエストを送るなどの工夫が必要です。

**「一発回答」の限界**

本来のウミガメのスープは「質問と回答のやりとり」を重ねて真相に近づくゲームです。今回のように一発回答させる設定では、モデルが仮定を固めやすく、間違った方向に突き進んでしまうリスクがあります。

**ストーカー・監禁説について**

glm-5 / glm-4.7 / qwen3-max / qwen3-coder-plus が提示した「外部の脅威」系の解釈は、問題文からは導けない余分な情報です。「シンプルな答えを好まず、複雑なシナリオを構築しやすい」傾向がモデルによって出ている点は興味深い観察です。

---

## 🚀 じゃあ、次は何をやる？

今回の実験でわかったこと：

1. **Subagent の並列起動は実用的** — 8体同時でも ClawX は安定して動く
2. **推論の質はモデルごとにはっきり違う** — 同じ問題でも解釈の精度に差がある
3. **レートリミット対策は必須** — Bailian 系を多数並列化するなら間隔を設けること

次にやってみたいことは、「質問できる形式」で再実験することです。本来のウミガメスープのルール（はい・いいえで答える）でやりとりさせると、どのモデルが最速で真相に辿り着くか、また違う景色が見えそうです。

---

## まとめ

つまり、「ClawX の Subagent 8体にウミガメのスープを出題したら、kimi-k2.5 だけが『ハガキを回収できなかった』という真相の核心を捉えた」ということでした。

全モデルが「ハガキ＝生存確認」「管理人との約束」という骨格は押さえていましたが、「届かなかった」と「回収されなかった」の違いに気づけたのは kimi だけ。細部の推論精度という点で、モデル間に明確な差がありました。

前回の記事で設定した Bailian モデルたちが、こういう遊び方でも使えるとわかったのは収穫です。Subagent の並列実行という機能を使って、こんな「モデル比較実験」ができるのが ClawX のおもしろいところだと思います。

---

## もっと詳しく知りたい人へ

### 参考にした資料

1. [ClawX に Bailian モデルをまとめて追加して、Subagent も有効化した話。](https://note.com/sunwood_ai_labs/n/n81d9d8530a73) - Sunwood AI Labs, 2026
2. [OpenClaw 公式ドキュメント](https://github.com/OpenClaw/OpenClaw) - OpenClaw, 2026
3. [Alibaba Cloud Bailian モデル一覧](https://www.aliyun.com/product/bailian) - Alibaba Cloud, 2026

### 関連リンク

- [Sunwood AI Labs GitHub](https://github.com/Sunwood-ai-labs)
- [前回記事：ClawX 入門](https://note.com/sunwood_ai_labs/n/nd9758736da73)

---

*この記事は 2026年3月7日時点の情報です。*",codex_token_count,35001810,32149760,150533,35093,35152343,2026-03-07 16:01:16.444000+00:00,Prj
codex,local_home,019cdb09-e154-7052-a12e-8f0845a345a1,harina-v3,"https://discord.com/channels/1208743618345435226/1432620533928951930
の画像をダウンロードしてデータセットとして保存するPythonスクリプト（DiscordBotになる？？）を作成してほしい！ファイル名はアップロードされているファイル名のままにしてね",codex_token_count,34006042,31754112,143174,45684,34149216,2026-03-11 06:48:56.915000+00:00,harina-v3
codex,local_home,019cebe9-ce1a-79d3-84de-a9ff83ae0db6,kiji,"Noteへ投稿するプレイライトのコードを作成したいです
そこで、


[$logged-in-google-chrome](D:\\Prj\\logged-in-google-chrome-skill\\SKILL.md)  を使ってログインしたブラウザを作ります
D:\Prj\maki-playwright-profile

を使って起動して
ログインします！",codex_token_count,31789800,29225472,177453,85056,31967253,2026-03-14 16:41:40.878000+00:00,kiji
codex,local_home,019cd6d6-99f5-78d1-800b-16740f9a1066,Dorothy,"エラーです！！ーーーーー[0]  GET /api/claude/ 200 in 33ms (compile: 4ms, render: 30ms)
[0]  GET /api/claude/ 200 in 31ms (compile: 4ms, render: 27ms)
[1] [Kanban] Claude CLI error: ''claude'' �́A�����R�}���h�܂��͊O���R�}���h�A
[1] ����\�ȃv���O�����܂��̓o�b�` �t�@�C���Ƃ��ĔF������Ă��܂���B
[1]
[1] [Kanban] Failed to generate task: Error: Command failed: 'claude' -p --model haiku 'You are a task parser. Analyze the user'\''s request and generate structured task details.
[1]
[1] Available projects:
[1] - ""Aslan"" (C:\Users\Aslan)
[1] - ""Prj"" (D:\Prj)
[1] - ""WS"" (D:\Prj\Dorothy\WS)
[1] - ""mod"" (D:\Prj\Mindustry\mod)
[1] - ""vibe-local"" (D:\Prj\vibe-local)
[1]
[1] User'\''s request:
[1] three.jsのシンプルなWEBゲームの作成
[1]
[1] Based on this request, generate a JSON object with these fields:
[1] - title: A concise task title (max 80 chars)
[1] - description: The full task description (keep the original request, improve clarity if needed)
[1] - projectPath: The most relevant project path from the list above (use exact path)
[1] - priority: ""low"", ""medium"", or ""high"" based on urgency indicators
[1] - labels: Array of relevant labels (e.g., ""bug"", ""feature"", ""refactor"", ""ui"", ""api"", ""docs"", ""test"", ""security"", ""performance"")
[1] - requiredSkills: Array of skills the agent might need (e.g., ""commit"", ""test"", ""deploy"")
[1]
[1] IMPORTANT: Respond with ONLY the JSON object, no markdown, no explanation, just valid JSON.'
[1] ''claude'' �́A�����R�}���h�܂��͊O���R�}���h�A
[1] ����\�ȃv���O�����܂��̓o�b�` �t�@�C���Ƃ��ĔF������Ă��܂���B
[1]
[1]     at genericNodeError (node:internal/errors:984:15)
[1]     at wrappedFn (node:internal/errors:538:14)
[1]     at ChildProcess.exithandler (node:child_process:422:12)
[1]     at ChildProcess.emit (node:events:518:28)
[1]     at maybeClose (node:internal/child_process:1104:16)
[1]     at ChildProcess._handle.onexit (node:internal/child_process:304:5) {
[1]   code: 1,
[1]   killed: false,
[1]   signal: null,
[1]   cmd: ""'claude' -p --model haiku 'You are a task parser. Analyze the user'\\''s request and generate structured task details.\n"" +
[1]     '\n' +
[1]     'Available projects:\n' +
[1]     '- ""Aslan"" (C:\\Users\\Aslan)\n' +
[1]     '- ""Prj"" (D:\\Prj)\n' +
[1]     '- ""WS"" (D:\\Prj\\Dorothy\\WS)\n' +
[1]     '- ""mod"" (D:\\Prj\\Mindustry\\mod)\n' +
[1]     '- ""vibe-local"" (D:\\Prj\\vibe-local)\n' +
[1]     '\n' +
[1]     ""User'\\''s request:\n"" +
[1]     'three.jsのシンプルなWEBゲームの作成\n' +
[1]     '\n' +
[1]     'Based on this request, generate a JSON object with these fields:\n' +
[1]     '- title: A concise task title (max 80 chars)\n' +
[1]     '- description: The full task description (keep the original request, improve clarity if needed)\n' +
[1]     '- projectPath: The most relevant project path from the list above (use exact path)\n' +
[1]     '- priority: ""low"", ""medium"", or ""high"" based on urgency indicators\n' +
[1]     '- labels: Array of relevant labels (e.g., ""bug"", ""feature"", ""refactor"", ""ui"", ""api"", ""docs"", ""test"", ""security"", ""performance"")\n' +
[1]     '- requiredSkills: Array of skills the agent might need (e.g., ""commit"", ""test"", ""deploy"")\n' +
[1]     '\n' +
[1]     ""IMPORTANT: Respond with ONLY the JSON object, no markdown, no explanation, just valid JSON.'""
[1] }
[1] Task ""three.jsのシンプルなWEBゲームの作成"" moved to planned - triggering automation
[1] No idle agents available
[1] No matching agent found, creating new agent
[1] Creating new agent for task: three.jsのシンプルなWEBゲームの作成
[1] Saved 4 agents to disk
[1] Created agent 432c53e9-8b72-42af-9493-b7f0b04f35b5 for task 5c7f4684-8ec3-4d6f-9b7e-a7b66ebafb2b
[0]  GET /api/claude/ 200 in 38ms (compile: 5ms, render: 32ms)
[1] Saved 4 agents to disk
[1] Agent 432c53e9-8b72-42af-9493-b7f0b04f35b5 started for task ""three.jsのシンプルなWEBゲームの作成"" (kanban task: 5c7f4684-8ec3-4d6f-9b7e-a7b66ebafb2b)
[0]  GET / 200 in 44ms (compile: 10ms, render: 34ms)
[1] Error occurred in handler for 'shell:exec': Error: File not found:
[1]     at new WindowsPtyAgent (D:\Prj\Dorothy\node_modules\node-pty\lib\windowsPtyAgent.js:58:36)
[1]     at new WindowsTerminal (D:\Prj\Dorothy\node_modules\node-pty\lib\windowsTerminal.js:51:24)
[1]     at Object.spawn (D:\Prj\Dorothy\node_modules\node-pty\lib\index.js:30:12)
[1]     at D:\Prj\Dorothy\electron\dist\handlers\ipc-handlers.js:1566:36
[1]     at new Promise (<anonymous>)
[1]     at D:\Prj\Dorothy\electron\dist\handlers\ipc-handlers.js:1564:16
[1]     at WebContents.<anonymous> (node:electron/js2c/browser_init:2:87039)
[1]     at WebContents.emit (node:events:518:28)
[1] Error occurred in handler for 'shell:exec': Error: File not found:
[1]     at new WindowsPtyAgent (D:\Prj\Dorothy\node_modules\node-pty\lib\windowsPtyAgent.js:58:36)
[1]     at new WindowsTerminal (D:\Prj\Dorothy\node_modules\node-pty\lib\windowsTerminal.js:51:24)
[1]     at Object.spawn (D:\Prj\Dorothy\node_modules\node-pty\lib\index.js:30:12)
[1]     at D:\Prj\Dorothy\electron\dist\handlers\ipc-handlers.js:1566:36
[1]     at new Promise (<anonymous>)
[1]     at D:\Prj\Dorothy\electron\dist\handlers\ipc-handlers.js:1564:16
[1]     at WebContents.<anonymous> (node:electron/js2c/browser_init:2:87039)
[1]     at WebContents.emit (node:events:518:28)
[1] Error occurred in handler for 'shell:exec': Error: File not found:
[1]     at new WindowsPtyAgent (D:\Prj\Dorothy\node_modules\node-pty\lib\windowsPtyAgent.js:58:36)
[1]     at new WindowsTerminal (D:\Prj\Dorothy\node_modules\node-pty\lib\windowsTerminal.js:51:24)
[1]     at Object.spawn (D:\Prj\Dorothy\node_modules\node-pty\lib\index.js:30:12)
[1]     at D:\Prj\Dorothy\electron\dist\handlers\ipc-handlers.js:1566:36
[1]     at new Promise (<anonymous>)
[1]     at D:\Prj\Dorothy\electron\dist\handlers\ipc-handlers.js:1564:16
[1]     at WebContents.<anonymous> (node:electron/js2c/browser_init:2:87039)
[1]     at WebContents.emit (node:events:518:28)
[1] Error occurred in handler for 'shell:exec': Error: File not found:
[1]     at new WindowsPtyAgent (D:\Prj\Dorothy\node_modules\node-pty\lib\windowsPtyAgent.js:58:36)
[1]     at new WindowsTerminal (D:\Prj\Dorothy\node_modules\node-pty\lib\windowsTerminal.js:51:24)
[1]     at Object.spawn (D:\Prj\Dorothy\node_modules\node-pty\lib\index.js:30:12)
[1]     at D:\Prj\Dorothy\electron\dist\handlers\ipc-handlers.js:1566:36
[1]     at new Promise (<anonymous>)
[1]     at D:\Prj\Dorothy\electron\dist\handlers\ipc-handlers.js:1564:16
[1]     at WebContents.<anonymous> (node:electron/js2c/browser_init:2:87039)
[1]     at WebContents.emit (node:events:518:28)
[1] Error occurred in handler for 'shell:exec': Error: File not found:
[1]     at new WindowsPtyAgent (D:\Prj\Dorothy\node_modules\node-pty\lib\windowsPtyAgent.js:58:36)
[1]     at new WindowsTerminal (D:\Prj\Dorothy\node_modules\node-pty\lib\windowsTerminal.js:51:24)
[1]     at Object.spawn (D:\Prj\Dorothy\node_modules\node-pty\lib\index.js:30:12)
[1]     at D:\Prj\Dorothy\electron\dist\handlers\ipc-handlers.js:1566:36
[1]     at new Promise (<anonymous>)
[1]     at D:\Prj\Dorothy\electron\dist\handlers\ipc-handlers.js:1564:16
[1]     at WebContents.<anonymous> (node:electron/js2c/browser_init:2:87039)
[1]     at WebContents.emit (node:events:518:28)
[1] Error occurred in handler for 'shell:exec': Error: File not found:
[1]     at new WindowsPtyAgent (D:\Prj\Dorothy\node_modules\node-pty\lib\windowsPtyAgent.js:58:36)
[1]     at new WindowsTerminal (D:\Prj\Dorothy\node_modules\node-pty\lib\windowsTerminal.js:51:24)
[1]     at Object.spawn (D:\Prj\Dorothy\node_modules\node-pty\lib\index.js:30:12)
[1]     at D:\Prj\Dorothy\electron\dist\handlers\ipc-handlers.js:1566:36
[1]     at new Promise (<anonymous>)
[1]     at D:\Prj\Dorothy\electron\dist\handlers\ipc-handlers.js:1564:16
[1]     at WebContents.<anonymous> (node:electron/js2c/browser_init:2:87039)
[1]     at WebContents.emit (node:events:518:28)
[1] Error occurred in handler for 'shell:exec': Error: File not found:
[1]     at new WindowsPtyAgent (D:\Prj\Dorothy\node_modules\node-pty\lib\windowsPtyAgent.js:58:36)
[1]     at new WindowsTerminal (D:\Prj\Dorothy\node_modules\node-pty\lib\windowsTerminal.js:51:24)
[1]     at Object.spawn (D:\Prj\Dorothy\node_modules\node-pty\lib\index.js:30:12)
[1]     at D:\Prj\Dorothy\electron\dist\handlers\ipc-handlers.js:1566:36
[1]     at new Promise (<anonymous>)
[1]     at D:\Prj\Dorothy\electron\dist\handlers\ipc-handlers.js:1564:16
[1]     at WebContents.<anonymous> (node:electron/js2c/browser_init:2:87039)
[1]     at WebContents.emit (node:events:518:28)
[1] Error occurred in handler for 'shell:exec': Error: File not found:
[1]     at new WindowsPtyAgent (D:\Prj\Dorothy\node_modules\node-pty\lib\windowsPtyAgent.js:58:36)
[1]     at new WindowsTerminal (D:\Prj\Dorothy\node_modules\node-pty\lib\windowsTerminal.js:51:24)
[1]     at Object.spawn (D:\Prj\Dorothy\node_modules\node-pty\lib\index.js:30:12)
[1]     at D:\Prj\Dorothy\electron\dist\handlers\ipc-handlers.js:1566:36
[1]     at new Promise (<anonymous>)
[1]     at D:\Prj\Dorothy\electron\dist\handlers\ipc-handlers.js:1564:16
[1]     at WebContents.<anonymous> (node:electron/js2c/browser_init:2:87039)
[1]     at WebContents.emit (node:events:518:28)
[1] Error occurred in handler for 'shell:exec': Error: File not found:
[1]     at new WindowsPtyAgent (D:\Prj\Dorothy\node_modules\node-pty\lib\windowsPtyAgent.js:58:36)
[1]     at new WindowsTerminal (D:\Prj\Dorothy\node_modules\node-pty\lib\windowsTerminal.js:51:24)
[1]     at Object.spawn (D:\Prj\Dorothy\node_modules\node-pty\lib\index.js:30:12)
[1]     at D:\Prj\Dorothy\electron\dist\handlers\ipc-handlers.js:1566:36
[1]     at new Promise (<anonymous>)
[1]     at D:\Prj\Dorothy\electron\dist\handlers\ipc-handlers.js:1564:16
[1]     at WebContents.<anonymous> (node:electron/js2c/browser_init:2:87039)
[1]     at WebContents.emit (node:events:518:28)
[1] Error occurred in handler for 'shell:exec': Error: File not found:
[1]     at new WindowsPtyAgent (D:\Prj\Dorothy\node_modules\node-pty\lib\windowsPtyAgent.js:58:36)
[1]     at new WindowsTerminal (D:\Prj\Dorothy\node_modules\node-pty\lib\windowsTerminal.js:51:24)
[1]     at Object.spawn (D:\Prj\Dorothy\node_modules\node-pty\lib\index.js:30:12)
[1]     at D:\Prj\Dorothy\electron\dist\handlers\ipc-handlers.js:1566:36
[1]     at new Promise (<anonymous>)
[1]     at D:\Prj\Dorothy\electron\dist\handlers\ipc-handlers.js:1564:16
[1]     at WebContents.<anonymous> (node:electron/js2c/browser_init:2:87039)
[1]     at WebContents.emit (node:events:518:28)
[0]  GET /api/claude/ 200 in 36ms (compile: 5ms, render: 32ms)",codex_token_count,30874191,27368704,120424,43799,30994615,2026-03-10 14:22:07.541000+00:00,Dorothy
